<?xml version="1.0" encoding="UTF-8"?>
<beans:beans xmlns="http://www.springframework.org/schema/mvc"
	xmlns:xsi="http://www.w3.org/2001/XMLSchema-instance"
	xmlns:beans="http://www.springframework.org/schema/beans"
	xmlns:context="http://www.springframework.org/schema/context"
	xsi:schemaLocation="http://www.springframework.org/schema/mvc http://www.springframework.org/schema/mvc/spring-mvc.xsd
		http://www.springframework.org/schema/beans http://www.springframework.org/schema/beans/spring-beans.xsd
		http://www.springframework.org/schema/context http://www.springframework.org/schema/context/spring-context.xsd">

	<!-- DispatcherServlet Context: defines this servlet's request-processing infrastructure -->
	
	<!-- Enables the Spring MVC @Controller programming model -->
	<annotation-driven />

	<!-- Handles HTTP GET requests for /resources/** by efficiently serving up static resources in the ${webappRoot}/resources directory -->
	<resources mapping="/resources/**" location="/resources/" />

	<!-- Resolves views selected for rendering by @Controllers to .jsp resources in the /WEB-INF/views directory -->
	<beans:bean class="org.springframework.web.servlet.view.InternalResourceViewResolver">
		<beans:property name="prefix" value="/WEB-INF/views/" />
		<beans:property name="suffix" value=".jsp" />
	</beans:bean>
	
	<context:component-scan base-package="com.spring.main" />
	
	<!-- 데이터소스 -->
	<beans:import resource="classpath:config/dataSource.xml"/>
	<!-- 마이바티스 -->
	<beans:import resource="classpath:config/my-batis.xml"/>
	<!-- 인터셉터 -->
	<beans:import resource="classpath:config/interceptor.xml"/>
	<!-- 파일 업로드 -->
	<beans:bean id="multipartResolver" class="org.springframework.web.multipart.commons.CommonsMultipartResolver">
		<beans:property name="defaultEncoding" value="UTF-8"/>
		<!-- 용량제한 -->
		<beans:property name="maxUploadSize" value="10000000"/>
		<beans:property name="maxInMemorySize" value="10000000"/>
	</beans:bean>		
	<!-- 트랜잭션 -->
	<beans:import resource="classpath:config/transaction.xml"/>
	
	<beans:bean id="mailSender" class="org.springframework.mail.javamail.JavaMailSenderImpl">
	  <beans:property name="host" value="smtp.gmail.com"/>
	  <beans:property name="port" value="587"/>
	  <beans:property name="username" value="victorehko123@gmail.com"/>
	  <beans:property name="password" value="asdf1020!!"/>
	  <beans:property name="javaMailProperties">
	   <beans:props>
	    <beans:prop key="mail.smtp.auth">true</beans:prop>
	    <beans:prop key="mail.smtp.starttls.enable">true</beans:prop>
	    <beans:prop key="mail.smtp.timeout">8500</beans:prop> 
	    <beans:prop key="mail.debug">true</beans:prop>
	   </beans:props>
	  </beans:property>
	  
 </beans:bean>
</beans:beans>
