<?xml version="1.0" encoding="UTF-8"?>
<beans xmlns="http://www.springframework.org/schema/beans"
	xmlns:xsi="http://www.w3.org/2001/XMLSchema-instance"
	xmlns:mvc="http://www.springframework.org/schema/mvc"
	xsi:schemaLocation="
		http://www.springframework.org/schema/beans 
		http://www.springframework.org/schema/beans/spring-beans.xsd
		http://www.springframework.org/schema/mvc 
		http://www.springframework.org/schema/mvc/spring-mvc.xsd">

	<!-- 인터셉터 그룹 -->
	<mvc:interceptors>
		<!-- 단일 인터 셉터 -->
		<mvc:interceptor>
			<!-- 특정 요청에대해서... -->
			<mvc:mapping path="/list"/>
			<mvc:mapping path="/detail*"/>
			<mvc:mapping path="/update*"/>
			<mvc:mapping path="/write*"/>
			<mvc:mapping path="/writeForm"/>
			<mvc:mapping path="/updateForm"/>
			<mvc:mapping path="/rptupdateForm"/>
			<mvc:mapping path="/uploadForm"/>
			<!-- 특정 클래스로 이동해라 -->
			<bean class="com.spring.main.util.LoginCheck"/>
		</mvc:interceptor>	
	</mvc:interceptors>

</beans>
